,Country,Age,Salary
0,France,0.88,0.8674698795180723
1,Spain,0.54,0.5783132530120482
2,Germany,0.6,0.6506024096385542
3,Spain,0.76,0.7349397590361446
4,Germany,0.8,0.7684096385542168
5,France,0.7,0.6987951807228916
6,Spain,0.78,0.6265060240963856
7,France,0.96,0.9518072289156626
8,Germany,1.0,1.0
9,France,0.74,0.8072289156626506
